Node ID,Node NameAECI.ALTW,AECI.ALTWAECI.AMMO,AECI.AMMOAECI.APM_1.AZ,AECI.APM_1.AZAECI.APM_2.AZ,AECI.APM_2.AZAECI.CWLD,AECI.CWLDALTE.1QUIN.MVP,ALTE.1QUIN.MVPALTE.ALTE,ALTE.ALTEALTE.AZ,ALTE.AZALTE.MCKNA.MVP,ALTE.MCKNA.MVPALTE.PAR_1.AZ,ALTE.PAR_1.AZALTE.WPPI_1.AZ,ALTE.WPPI_1.AZALTW.AEPE0001,ALTW.AEPE0001ALTW.ALTW,ALTW.ALTWALTW.ARMST.ARR,ALTW.ARMST.ARRALTW.AZ,ALTW.AZALTW.BEPM.CBLD,ALTW.BEPM.CBLDALTW.CMMPA.MTL,ALTW.CMMPA.MTLALTW.CMMPA.SPR,ALTW.CMMPA.SPRALTW.CMMPA.WIN,ALTW.CMMPA.WINALTW.FAIR1.ARR,ALTW.FAIR1.ARRALTW.FAIR2.ARR,ALTW.FAIR2.ARRALTW.HAHN.ARR,ALTW.HAHN.ARRALTW.HCPD.STHP,ALTW.HCPD.STHPALTW.HCPD.TRU,ALTW.HCPD.TRUALTW.HZLT1.MVP,ALTW.HZLT1.MVPALTW.HZLT3.MVP,ALTW.HZLT3.MVPALTW.LANS3.ARR,ALTW.LANS3.ARRALTW.MECB,ALTW.MECBALTW.MECB_1.AZ,ALTW.MECB_1.AZALTW.MONTA.ARR,ALTW.MONTA.ARRALTW.MQOKT.ARR,ALTW.MQOKT.ARRALTW.MRES,ALTW.MRESALTW.MRES_1.AZ,ALTW.MRES_1.AZALTW.NSP,ALTW.NSPALTW.NSPP_1.AZ,ALTW.NSPP_1.AZALTW.SMP,ALTW.SMPALTW.TEA_1.AZ,ALTW.TEA_1.AZALTW.UPLS_1.AZ,ALTW.UPLS_1.AZALTW.UPLS_2.AZ,ALTW.UPLS_2.AZALTW.WPPI,ALTW.WPPIALTW.WPPI_1.AZ,ALTW.WPPI_1.AZALTW.WRTHNGT,ALTW.WRTHNGTAMIL.ACL9,AMIL.ACL9AMIL.ACP9,AMIL.ACP9AMIL.AEM.CAT,AMIL.AEM.CATAMIL.AEM.IL,AMIL.AEM.ILAMIL.AEM.NWTN,AMIL.AEM.NWTNAMIL.AEM.RPGI,AMIL.AEM.RPGIAMIL.AEM.SYLND,AMIL.AEM.SYLNDAMIL.AGE,AMIL.AGEAMIL.AIP9,AMIL.AIP9AMIL.AIU1,AMIL.AIU1AMIL.AMBT,AMIL.AMBTAMIL.AMER,AMIL.AMERAMIL.AMILSES,AMIL.AMILSESAMIL.APN5,AMIL.APN5AMIL.AVTN,AMIL.AVTNAMIL.BALDSSAUX,AMIL.BALDSSAUXAMIL.BALDT1.NU,AMIL.BALDT1.NUAMIL.BFESLD,AMIL.BFESLDAMIL.BGS5,AMIL.BGS5AMIL.BGS6,AMIL.BGS6AMIL.BRICKYARD,AMIL.BRICKYARDAMIL.BSEAMIL,AMIL.BSEAMILAMIL.BSEINDC1,AMIL.BSEINDC1AMIL.BSEINDCP1,AMIL.BSEINDCP1AMIL.BSEINDIP1,AMIL.BSEINDIP1AMIL.CCG_1.AZ,AMIL.CCG_1.AZAMIL.CCG_2.AZ,AMIL.CCG_2.AZAMIL.CCG_5.AZ,AMIL.CCG_5.AZAMIL.CEEA,AMIL.CEEAAMIL.CEEA2,AMIL.CEEA2AMIL.CHEL,AMIL.CHELAMIL.CILC.AZ,AMIL.CILC.AZAMIL.CILC.BOC,AMIL.CILC.BOCAMIL.CIPS,AMIL.CIPSAMIL.CIPS.AZ,AMIL.CIPS.AZAMIL.CIPS.BOC,AMIL.CIPS.BOCAMIL.CIPS.ROB,AMIL.CIPS.ROBAMIL.CLAY_1.AZ,AMIL.CLAY_1.AZAMIL.CLVW,AMIL.CLVWAMIL.CNE,AMIL.CNEAMIL.CONC,AMIL.CONCAMIL.DAYTON,AMIL.DAYTONAMIL.DER,AMIL.DERAMIL.DESL,AMIL.DESLAMIL.DESY1,AMIL.DESY1AMIL.DP,AMIL.DPAMIL.DPLER,AMIL.DPLERAMIL.EEI,AMIL.EEIAMIL.EIPS,AMIL.EIPSAMIL.EIPS1,AMIL.EIPS1AMIL.EIPS2,AMIL.EIPS2AMIL.EIPS3,AMIL.EIPS3AMIL.EIPS4,AMIL.EIPS4AMIL.EIPS5,AMIL.EIPS5AMIL.ELIG,AMIL.ELIGAMIL.ENFIELD,AMIL.ENFIELDAMIL.EPH1,AMIL.EPH1AMIL.ESPI,AMIL.ESPIAMIL.EXOL,AMIL.EXOLAMIL.FESC,AMIL.FESCAMIL.FTR,AMIL.FTRAMIL.GBCM,AMIL.GBCMAMIL.GCWE,AMIL.GCWEAMIL.GEXA,AMIL.GEXAAMIL.GEXAIEC,AMIL.GEXAIECAMIL.GLACIAL,AMIL.GLACIALAMIL.HES,AMIL.HESAMIL.HIKO,AMIL.HIKOAMIL.HSNVL.ARR,AMIL.HSNVL.ARRAMIL.IGS,AMIL.IGSAMIL.ILCE,AMIL.ILCEAMIL.IMEA1,AMIL.IMEA1AMIL.IMEA_1.AZ,AMIL.IMEA_1.AZAMIL.IP,AMIL.IPAMIL.IP.AZ,AMIL.IP.AZAMIL.IP.IMEA,AMIL.IP.IMEAAMIL.IPRETL,AMIL.IPRETLAMIL.IRON,AMIL.IRONAMIL.KYST,AMIL.KYSTAMIL.LPC1,AMIL.LPC1AMIL.MCEC,AMIL.MCECAMIL.MCPU_1.AZ,AMIL.MCPU_1.AZAMIL.MECR,AMIL.MECRAMIL.MES,AMIL.MESAMIL.MRDSA.ARR,AMIL.MRDSA.ARRAMIL.MTCML,AMIL.MTCMLAMIL.NEC1_1.AZ,AMIL.NEC1_1.AZAMIL.NESL,AMIL.NESLAMIL.NEWT_1.AZ,AMIL.NEWT_1.AZAMIL.OGLES.ARR,AMIL.OGLES.ARRAMIL.PALMCOIL,AMIL.PALMCOILAMIL.PEIC,AMIL.PEICAMIL.PEIH,AMIL.PEIHAMIL.PPI,AMIL.PPIAMIL.PRE,AMIL.PREAMIL.PUBPOWIL,AMIL.PUBPOWILAMIL.RES.CNE,AMIL.RES.CNEAMIL.RISING.H,AMIL.RISING.HAMIL.RISING.L,AMIL.RISING.LAMIL.RLGY01,AMIL.RLGY01AMIL.ROXANNAR,AMIL.ROXANNARAMIL.RPGI_1.AZ,AMIL.RPGI_1.AZAMIL.SANTANNA,AMIL.SANTANNAAMIL.SELC,AMIL.SELCAMIL.SESRETAIL,AMIL.SESRETAILAMIL.SIPC,AMIL.SIPCAMIL.SIPC.NEC1,AMIL.SIPC.NEC1AMIL.SIPM_1.AZ,AMIL.SIPM_1.AZAMIL.SMTE,AMIL.SMTEAMIL.SOY_2.AZ,AMIL.SOY_2.AZAMIL.SPRK,AMIL.SPRKAMIL.STLNG.ARR,AMIL.STLNG.ARRAMIL.SWECC,AMIL.SWECCAMIL.SZE,AMIL.SZEAMIL.SZE_SCI,AMIL.SZE_SCIAMIL.TREX_IL,AMIL.TREX_ILAMIL.VRD,AMIL.VRDAMIL.WPSE,AMIL.WPSEAMIL.WPSE.DM,AMIL.WPSE.DMAMIL.WPSE.GBC,AMIL.WPSE.GBCAMIL.WPSE.OLIN,AMIL.WPSE.OLINAMIL.WVPA,AMIL.WVPAAMIL.WVPA_2.AZ,AMIL.WVPA_2.AZAMIL.WVPA_4.AZ,AMIL.WVPA_4.AZAMIL.WWEC,AMIL.WWECAMIL.XLON,AMIL.XLONAMIL.XOEN,AMIL.XOENAMMO.AEM.MO,AMMO.AEM.MOAMMO.CALF_1.AZ,AMMO.CALF_1.AZAMMO.CCG_1.AZ,AMMO.CCG_1.AZAMMO.HANN_1.AZ,AMMO.HANN_1.AZAMMO.HDBD3.ARR,AMMO.HDBD3.ARRAMMO.KAHO_1.AZ,AMMO.KAHO_1.AZAMMO.KIRK,AMMO.KIRKAMMO.KIRK_1.AZ,AMMO.KIRK_1.AZAMMO.LINN_1.AZ,AMMO.LINN_1.AZAMMO.MARC_1.AZ,AMMO.MARC_1.AZAMMO.MOCE_1.AZ,AMMO.MOCE_1.AZAMMO.PERR,AMMO.PERRAMMO.PERR_1.AZ,AMMO.PERR_1.AZAMMO.UA.AZ,AMMO.UA.AZAMMO.UE,AMMO.UEAMMO.UE.AZ,AMMO.UE.AZAMMO.WVPA,AMMO.WVPAAMMO.WVPA.CZHI,AMMO.WVPA.CZHIAMMO.WVPA.CZPG,AMMO.WVPA.CZPGAMMO.WVPA_3.AZ,AMMO.WVPA_3.AZARKANSAS.HUB,ARKANSAS.HUBBREC.AZ,BREC.AZBREC.BREC,BREC.BRECBREC.CENTURY,BREC.CENTURYBREC.SEBREE,BREC.SEBREECE.CRETE.NU,CE.CRETE.NUCIN.CPP.AGG,CIN.CPP.AGGCIN.DEI.AZ,CIN.DEI.AZCIN.GRNTWN.MVP,CIN.GRNTWN.MVPCIN.HAG.AEPM,CIN.HAG.AEPMCIN.HE.PSI,CIN.HE.PSICIN.HEPM_1.AZ,CIN.HEPM_1.AZCIN.HEPM_2.AZ,CIN.HEPM_2.AZCIN.JAC.PSI,CIN.JAC.PSICIN.MAPLEA.MVP,CIN.MAPLEA.MVPCIN.PSI,CIN.PSICIN.PSI.IMPA,CIN.PSI.IMPACIN.PSI_2.AZ,CIN.PSI_2.AZCIN.PSI_3.AZ,CIN.PSI_3.AZCIN.SIGE,CIN.SIGECIN.SIGW_1.AZ,CIN.SIGW_1.AZCIN.WVPA.PSI,CIN.WVPA.PSICIN.WVPA_1.AZ,CIN.WVPA_1.AZCLEC.AXLA,CLEC.AXLACLEC.AXLA_1.AZ,CLEC.AXLA_1.AZCLEC.CLEC,CLEC.CLECCLEC.CPWR_1.AZ,CLEC.CPWR_1.AZCLEC.CPWR_2.AZ,CLEC.CPWR_2.AZCLEC.CPWR_3.AZ,CLEC.CPWR_3.AZCLEC.CPWR_4.AZ,CLEC.CPWR_4.AZCLEC.CPWR_5.AZ,CLEC.CPWR_5.AZCLEC.CPWR_6.AZ,CLEC.CPWR_6.AZCLEC.CPWR_7.AZ,CLEC.CPWR_7.AZCLEC.DEMCO,CLEC.DEMCOCLEC.HOPK1.ARR,CLEC.HOPK1.ARRCLEC.MDEA,CLEC.MDEACLEC.NATCH,CLEC.NATCHCLEC.STM,CLEC.STMCLEC.VIGN1.ARR,CLEC.VIGN1.ARRCLEC.VIGN2.ARR,CLEC.VIGN2.ARRCONS.AZ,CONS.AZCONS.BSE.CEC,CONS.BSE.CECCONS.CCG_1.AZ,CONS.CCG_1.AZCONS.CCG_2.AZ,CONS.CCG_2.AZCONS.CCG_3.AZ,CONS.CCG_3.AZCONS.CCG_4.AZ,CONS.CCG_4.AZCONS.CCG_5.AZ,CONS.CCG_5.AZCONS.CCG_6.AZ,CONS.CCG_6.AZCONS.CETR,CONS.CETRCONS.CNE,CONS.CNECONS.FESC,CONS.FESCCONS.GLE,CONS.GLECONS.HOLL,CONS.HOLLCONS.HOLL_1.AZ,CONS.HOLL_1.AZCONS.IGSI,CONS.IGSICONS.LANS,CONS.LANSCONS.LANS.ARR,CONS.LANS.ARRCONS.MPPA,CONS.MPPACONS.MPPA_2.AZ,CONS.MPPA_2.AZCONS.MPPA_3.AZ,CONS.MPPA_3.AZCONS.MSCPA,CONS.MSCPACONS.MWEC,CONS.MWECCONS.NESL,CONS.NESLCONS.PRE,CONS.PRECONS.SANTANNA,CONS.SANTANNACONS.SCIT,CONS.SCITCONS.SELC,CONS.SELCCONS.SESB,CONS.SESBCONS.SPRTN,CONS.SPRTNCONS.TC,CONS.TCCONS.WOLV,CONS.WOLVCONS.WPMC,CONS.WPMCCONS.WPSC_1.AZ,CONS.WPSC_1.AZCONS.WPSC_2.AZ,CONS.WPSC_2.AZCONS.WPSE,CONS.WPSECONS.WPSE.IES,CONS.WPSE.IESCONS.WVPA,CONS.WVPACONS.WVPA_1.AZ,CONS.WVPA_1.AZCSWS.AEPM_1.AZ,CSWS.AEPM_1.AZCSWS.AEPM_2.AZ,CSWS.AEPM_2.AZCSWS.AEPM_3.AZ,CSWS.AEPM_3.AZCSWS.HOPE,CSWS.HOPECSWS.MINDEN,CSWS.MINDENCSWS.PRESCOTT,CSWS.PRESCOTTCSWS.SWERETAIL,CSWS.SWERETAILCSWS.VEMCO,CSWS.VEMCOCWLD.AZ,CWLD.AZCWLD.CWLD,CWLD.CWLDCWLD.FULT,CWLD.FULTCWLD.UMC,CWLD.UMCCWLP.AZ,CWLP.AZCWLP.CWLP,CWLP.CWLPCWLP.GST,CWLP.GSTCWLP.TEA_1.AZ,CWLP.TEA_1.AZDECO.AGE,DECO.AGEDECO.AZ,DECO.AZDECO.BAUER.MVP,DECO.BAUER.MVPDECO.BELRV.MVP,DECO.BELRV.MVPDECO.BSEDTE1,DECO.BSEDTE1DECO.CMSM_1.AZ,DECO.CMSM_1.AZDECO.CMS_THMB,DECO.CMS_THMBDECO.CNE,DECO.CNEDECO.CROS,DECO.CROSDECO.DAYTN.ARR,DECO.DAYTN.ARRDECO.DBLE,DECO.DBLEDECO.DPLER,DECO.DPLERDECO.ESSEX.ARR,DECO.ESSEX.ARRDECO.ET.COMMC,DECO.ET.COMMCDECO.FESC,DECO.FESCDECO.GDRRF.ARR,DECO.GDRRF.ARRDECO.GLE,DECO.GLEDECO.GRNWD.MVP,DECO.GRNWD.MVPDECO.HRBRB.ARR,DECO.HRBRB.ARRDECO.IGSI,DECO.IGSIDECO.MECR,DECO.MECRDECO.MES,DECO.MESDECO.MSCPA,DECO.MSCPADECO.NEC,DECO.NECDECO.NESL1,DECO.NESL1DECO.PONTC.MVP,DECO.PONTC.MVPDECO.PRE,DECO.PREDECO.RES.CNE,DECO.RES.CNEDECO.RPSN3.MVP,DECO.RPSN3.MVPDECO.RPSON.MVP,DECO.RPSON.MVPDECO.SANDU.MVP,DECO.SANDU.MVPDECO.SANTANNA,DECO.SANTANNADECO.SEBE,DECO.SEBEDECO.SELC,DECO.SELCDECO.SESA,DECO.SESADECO.WPSA,DECO.WPSADECO.WPSZ,DECO.WPSZDECO.WPSZ.IES,DECO.WPSZ.IESDMGEN1.AGG,DMGEN1.AGGDMGEN2.AGG,DMGEN2.AGGDMGEN3.AGG,DMGEN3.AGGDPC.AEPM13,DPC.AEPM13DPC.AZ,DPC.AZDPC.DPC,DPC.DPCDPC.MCGR_1.AZ,DPC.MCGR_1.AZDPC.NSPLOAD,DPC.NSPLOADDPC.NSPP_1.AZ,DPC.NSPP_1.AZDPC.NWEC.AZ,DPC.NWEC.AZDPC.NWELOAD,DPC.NWELOADEAI.AECCLD,EAI.AECCLDEAI.AECC_1.AZ,EAI.AECC_1.AZEAI.ARSNC1.ARR,EAI.ARSNC1.ARREAI.BUBALD,EAI.BUBALDEAI.COUCH2.ARR,EAI.COUCH2.ARREAI.CWAYLD,EAI.CWAYLDEAI.CWAYLD1.AZ,EAI.CWAYLD1.AZEAI.CWL_1.AZ,EAI.CWL_1.AZEAI.EAILD,EAI.EAILDEAI.EAILD.RLA,EAI.EAILD.RLAEAI.EAMP_1.AZ,EAI.EAMP_1.AZEAI.ELDORA.ARR,EAI.ELDORA.ARREAI.HASKL1.ARR,EAI.HASKL1.ARREAI.JONSCWL,EAI.JONSCWLEAI.LKCTH1.ARR,EAI.LKCTH1.ARREAI.LKCTH3.ARR,EAI.LKCTH3.ARREAI.LYNCH2.ARR,EAI.LYNCH2.ARREAI.LYNCH3.ARR,EAI.LYNCH3.ARREAI.MABELV.ARR,EAI.MABELV.ARREAI.NLRLD,EAI.NLRLDEAI.NLR_1.AZ,EAI.NLR_1.AZEAI.OMLP_1.AZ,EAI.OMLP_1.AZEAI.RITCH3.ARR,EAI.RITCH3.ARREAI.SHRDN1.ARR,EAI.SHRDN1.ARREAI.SHRDN2.ARR,EAI.SHRDN2.ARREAI.SHRDN3.ARR,EAI.SHRDN3.ARREAI.WHBLF.ARR,EAI.WHBLF.ARREAI.WMULDLD,EAI.WMULDLDEAI.WMULD_1.AZ,EAI.WMULD_1.AZEAI.WODLN1.ARR,EAI.WODLN1.ARREAI.WSTMMP.ARR,EAI.WSTMMP.ARREAI.WTBLF5.ARR,EAI.WTBLF5.ARREES.ABBEVILLE,EES.ABBEVILLEEES.ACADA1.ARR,EES.ACADA1.ARREES.ACADA2.ARR,EES.ACADA2.ARREES.AIRLIN.ARR,EES.AIRLIN.ARREES.BASTAP.ARR,EES.BASTAP.ARREES.BASTP1.ARR,EES.BASTP1.ARREES.BASTR1.ARR,EES.BASTR1.ARREES.BASTR2.ARR,EES.BASTR2.ARREES.BELHEL_LD,EES.BELHEL_LDEES.BGTEL1.ARR,EES.BGTEL1.ARREES.BRAZLD,EES.BRAZLDEES.BRAZ_1.AZ,EES.BRAZ_1.AZEES.BRTNY1.ARR,EES.BRTNY1.ARREES.BRTNY2.ARR,EES.BRTNY2.ARREES.BXTRW5.ARR,EES.BXTRW5.ARREES.BXTRWL.ARR,EES.BXTRWL.ARREES.BXWSN2.ARR,EES.BXWSN2.ARREES.CALDWEL.AZ,EES.CALDWEL.AZEES.CALDWELL,EES.CALDWELLEES.CNWAY2.ARR,EES.CNWAY2.ARREES.COLY1.ARR,EES.COLY1.ARREES.CONWAY.ARR,EES.CONWAY.ARREES.CTEAU2.ARR,EES.CTEAU2.ARREES.DBAYO1.ARR,EES.DBAYO1.ARREES.DERSLD,EES.DERSLDEES.EGMP_1.AZ,EES.EGMP_1.AZEES.EGMP_2.AZ,EES.EGMP_2.AZEES.ELILD,EES.ELILDEES.ELILD.RLA,EES.ELILD.RLAEES.ELMP_1.AZ,EES.ELMP_1.AZEES.EMMP_1.AZ,EES.EMMP_1.AZEES.EMMP_2.AZ,EES.EMMP_2.AZEES.ENMP_1.AZ,EES.ENMP_1.AZEES.ETEC,EES.ETECEES.ETEC_1.AZ,EES.ETEC_1.AZEES.ETILD,EES.ETILDEES.ETMP_1.AZ,EES.ETMP_1.AZEES.EVRGRN_LD,EES.EVRGRN_LDEES.FLRNCE.ARR,EES.FLRNCE.ARREES.FORMOS_LD,EES.FORMOS_LDEES.FRSKR1.ARR,EES.FRSKR1.ARREES.GLFWAY_LD,EES.GLFWAY_LDEES.HOUMA.ARR,EES.HOUMA.ARREES.HRTBRG.ARR,EES.HRTBRG.ARREES.HUNTS1_LD,EES.HUNTS1_LDEES.INLND1.ARR,EES.INLND1.ARREES.INLND2.ARR,EES.INLND2.ARREES.JAXSNS.ARR,EES.JAXSNS.ARREES.KAISR4_LD,EES.KAISR4_LDEES.KIRBYVILLE,EES.KIRBYVILLEEES.KRBYVLE.AZ,EES.KRBYVLE.AZEES.MAGNOL_LD,EES.MAGNOL_LDEES.MCLWS1.ARR,EES.MCLWS1.ARREES.MORIL1.ARR,EES.MORIL1.ARREES.MORTN1.ARR,EES.MORTN1.ARREES.MORTN2.ARR,EES.MORTN2.ARREES.NELSN3.ARR,EES.NELSN3.ARREES.NEWTON,EES.NEWTONEES.NEWTON1.AZ,EES.NEWTON1.AZEES.NINEM1.ARR,EES.NINEM1.ARREES.NINEM2.ARR,EES.NINEM2.ARREES.NOPLD,EES.NOPLDEES.NSIDE1.ARR,EES.NSIDE1.ARREES.NSIDE2.ARR,EES.NSIDE2.ARREES.PANAM1.ARR,EES.PANAM1.ARREES.PERVL1.ARR,EES.PERVL1.ARREES.PERVL2.ARR,EES.PERVL2.ARREES.PLAHTC.ARR,EES.PLAHTC.ARREES.RBEH1.ARR,EES.RBEH1.ARREES.RBEH2.ARR,EES.RBEH2.ARREES.RBRSW2.ARR,EES.RBRSW2.ARREES.RBRSW5.ARR,EES.RBRSW5.ARREES.REP_LD,EES.REP_LDEES.REXBRW.ARR,EES.REXBRW.ARREES.RICHD1.ARR,EES.RICHD1.ARREES.RICHD2.ARR,EES.RICHD2.ARREES.RILLA.ARR,EES.RILLA.ARREES.SALTGR,EES.SALTGREES.SCY_LD,EES.SCY_LDEES.SOWOOD_LD,EES.SOWOOD_LDEES.SPORT1.ARR,EES.SPORT1.ARREES.SPORT2.ARR,EES.SPORT2.ARREES.SRMPA,EES.SRMPAEES.SRMPA_1.AZ,EES.SRMPA_1.AZEES.SRMPA_IPLD,EES.SRMPA_IPLDEES.STHSID_LD,EES.STHSID_LDEES.STL115.ARR,EES.STL115.ARREES.STLNG1.ARR,EES.STLNG1.ARREES.STLNG2.ARR,EES.STLNG2.ARREES.STLNG3.ARR,EES.STLNG3.ARREES.STLNG5.ARR,EES.STLNG5.ARREES.SWTZ1.ARR,EES.SWTZ1.ARREES.VFWPRK_LD,EES.VFWPRK_LDEES.WLGLN2.ARR,EES.WLGLN2.ARREES.WLTGR1.ARR,EES.WLTGR1.ARREES.WLWGN1.ARR,EES.WLWGN1.ARREES.WLWGN3.ARR,EES.WLWGN3.ARREES.WODSTK_LD,EES.WODSTK_LDEMBA.EMILD,EMBA.EMILDEMBA.EMILD.RLA,EMBA.EMILD.RLAEMBA.MEAM,EMBA.MEAMGIBSON1234.AGG,GIBSON1234.AGGGRE.ALTW,GRE.ALTWGRE.AZ,GRE.AZGRE.DCLINELOSS,GRE.DCLINELOSSGRE.GRE,GRE.GREGRE.HUC,GRE.HUCGRE.MP.GRE,GRE.MP.GREGRE.NSP,GRE.NSPGRE.NSP.GREC,GRE.NSP.GRECGRE.NSPP_1.AZ,GRE.NSPP_1.AZGRE.SMP,GRE.SMPGRE.SMP.GRE,GRE.SMP.GREGRE.TEA_1.AZ,GRE.TEA_1.AZGRE.WILM,GRE.WILMHE.CIN,HE.CINHE.HE,HE.HEHE.SIGW,HE.SIGWILGEN1.AGG,ILGEN1.AGGILGEN2.AGG,ILGEN2.AGGILGEN3.AGG,ILGEN3.AGGILGEN4.AGG,ILGEN4.AGGILGEN5.AGG,ILGEN5.AGGILGEN7.AGG,ILGEN7.AGGILLINOIS.HUB,ILLINOIS.HUBINDIANA.HUB,INDIANA.HUBIPL.16PETE.AGG,IPL.16PETE.AGGIPL.16PRIT.AGG,IPL.16PRIT.AGGIPL.16STOT.AGG,IPL.16STOT.AGGIPL.16SYST.AGG,IPL.16SYST.AGGIPL.AZ,IPL.AZIPL.HE,IPL.HEIPL.HEPM_1.AZ,IPL.HEPM_1.AZIPL.IPL,IPL.IPLIPL.PRIT1.ARR,IPL.PRIT1.ARRIPL.STOU3.ARR,IPL.STOU3.ARRIPL.WVPA,IPL.WVPALAFA.AZ,LAFA.AZLAFA.LAFA,LAFA.LAFALAGN.DEMCO1.AZ,LAGN.DEMCO1.AZLAGN.LAGN,LAGN.LAGNLAGN.LAGN_1.AZ,LAGN.LAGN_1.AZLAGN.LOGC.ARR,LAGN.LOGC.ARRLEPA.AZ,LEPA.AZLEPA.CPLAQ.ARR,LEPA.CPLAQ.ARRLEPA.LEPA,LEPA.LEPALEPA.MRCTY.ARR,LEPA.MRCTY.ARRLOUISIANA.HUB,LOUISIANA.HUBMDU.AZ,MDU.AZMDU.MDU,MDU.MDUMDU.MPC,MDU.MPCMDU.NWPS,MDU.NWPSMDU.OTP,MDU.OTPMDU.OTPW_1.AZ,MDU.OTPW_1.AZMEC.ALTM_1.AZ,MEC.ALTM_1.AZMEC.ALTW,MEC.ALTWMEC.AMES,MEC.AMESMEC.AMES_1.AZ,MEC.AMES_1.AZMEC.ATLN,MEC.ATLNMEC.AZ,MEC.AZMEC.BEPM.CPZD,MEC.BEPM.CPZDMEC.BEPM_1.AZ,MEC.BEPM_1.AZMEC.BLKHK.MVP,MEC.BLKHK.MVPMEC.CFU,MEC.CFUMEC.CFU_1.AZ,MEC.CFU_1.AZMEC.CMMPA.ELD,MEC.CMMPA.ELDMEC.CMMPA.MONT,MEC.CMMPA.MONTMEC.GENESEO,MEC.GENESEOMEC.HCPD.ABRN,MEC.HCPD.ABRNMEC.LAKEVIEW,MEC.LAKEVIEWMEC.LVED_1.AZ,MEC.LVED_1.AZMEC.MEAN.LD,MEC.MEAN.LDMEC.MEAN_1.AZ,MEC.MEAN_1.AZMEC.MEAN_10.AZ,MEC.MEAN_10.AZMEC.MEAN_2.AZ,MEC.MEAN_2.AZMEC.MEAN_3.AZ,MEC.MEAN_3.AZMEC.MEAN_4.AZ,MEC.MEAN_4.AZMEC.MEAN_5.AZ,MEC.MEAN_5.AZMEC.MEAN_6.AZ,MEC.MEAN_6.AZMEC.MEAN_7.AZ,MEC.MEAN_7.AZMEC.MEAN_8.AZ,MEC.MEAN_8.AZMEC.MECB,MEC.MECBMEC.MRES_1.AZ,MEC.MRES_1.AZMEC.PELLA,MEC.PELLAMEC.PMEU_1.AZ,MEC.PMEU_1.AZMEC.RLGY01,MEC.RLGY01MEC.UPLS_1.AZ,MEC.UPLS_1.AZMEC.UPLS_2.AZ,MEC.UPLS_2.AZMEC.UROCK,MEC.UROCKMGE.AZ,MGE.AZMGE.MGE,MGE.MGEMICHIGAN.HUB,MICHIGAN.HUBMINN.HUB,MINN.HUBMIUP.CLOV,MIUP.CLOVMIUP.DERS1,MIUP.DERS1MIUP.MARQ,MIUP.MARQMIUP.NWLB,MIUP.NWLBMIUP.UPPM,MIUP.UPPMMIUP.WEPM,MIUP.WEPMMIUP.WPPI,MIUP.WPPIMIUP.WPSE,MIUP.WPSEMOGEN1.AGG,MOGEN1.AGGMOGEN2.AGG,MOGEN2.AGGMP.AZ,MP.AZMP.DLPLOAD,MP.DLPLOADMP.HVDCW,MP.HVDCWMP.MP,MP.MPMP.MPM_1.AZ,MP.MPM_1.AZMP.MPM_2.AZ,MP.MPM_2.AZMP.MRES,MP.MRESMP.NSP1,MP.NSP1MP.NSPP_1.AZ,MP.NSPP_1.AZMPW.AZ,MPW.AZMPW.MPW,MPW.MPWNIPS.AZ,NIPS.AZNIPS.BURROAK.H,NIPS.BURROAK.HNIPS.BURROAK.L,NIPS.BURROAK.LNIPS.IMPA,NIPS.IMPANIPS.IMPA_1.AZ,NIPS.IMPA_1.AZNIPS.MCHCP.ARR,NIPS.MCHCP.ARRNIPS.MITCH.ARR,NIPS.MITCH.ARRNIPS.MUNSTR.LN,NIPS.MUNSTR.LNNIPS.NIPS,NIPS.NIPSNIPS.STJOHN.LN,NIPS.STJOHN.LNNIPS.WVPA,NIPS.WVPANIPS.WVPA_1.AZ,NIPS.WVPA_1.AZNSP.AEPM10,NSP.AEPM10NSP.AEPM11,NSP.AEPM11NSP.AEPM12,NSP.AEPM12NSP.AEPM4,NSP.AEPM4NSP.AEPM5,NSP.AEPM5NSP.AEPM6,NSP.AEPM6NSP.AEPM7,NSP.AEPM7NSP.AEPM8,NSP.AEPM8NSP.AEPM9,NSP.AEPM9NSP.ALTM_1.AZ,NSP.ALTM_1.AZNSP.ALTW,NSP.ALTWNSP.AZ,NSP.AZNSP.BE,NSP.BENSP.BELW_1.AZ,NSP.BELW_1.AZNSP.BLKBROOK,NSP.BLKBROOKNSP.BLUELK.MVP,NSP.BLUELK.MVPNSP.BRKNG.MVP,NSP.BRKNG.MVPNSP.BURNV.MVP,NSP.BURNV.MVPNSP.CHUBLK.MVP,NSP.CHUBLK.MVPNSP.CMMPA.DEL,NSP.CMMPA.DELNSP.CMMPA.FAIR,NSP.CMMPA.FAIRNSP.CMMPA.GF,NSP.CMMPA.GFNSP.CMMPA.GLEN,NSP.CMMPA.GLENNSP.CMMPA.JANE,NSP.CMMPA.JANENSP.CMMPA.KASS,NSP.CMMPA.KASSNSP.CMMPA.KEN,NSP.CMMPA.KENNSP.CMMPA.SE,NSP.CMMPA.SENSP.EREPC,NSP.EREPCNSP.HCPD.GRVCT,NSP.HCPD.GRVCTNSP.HCPD.LKCR,NSP.HCPD.LKCRNSP.HCPD.MAD,NSP.HCPD.MADNSP.HCPD.NU,NSP.HCPD.NUNSP.HCPD.SXFLS,NSP.HCPD.SXFLSNSP.HCPD_1.AZ,NSP.HCPD_1.AZNSP.KASOTA,NSP.KASOTANSP.LYONC.MVP,NSP.LYONC.MVPNSP.LYONCO.MVP,NSP.LYONCO.MVPNSP.MINVLY.MVP,NSP.MINVLY.MVPNSP.MMPA,NSP.MMPANSP.MMPA_1.AZ,NSP.MMPA_1.AZNSP.MMU_1.AZ,NSP.MMU_1.AZNSP.MRES.MLRS,NSP.MRES.MLRSNSP.MRES.MMU,NSP.MRES.MMUNSP.MRES.SAUK,NSP.MRES.SAUKNSP.MRES.STJM,NSP.MRES.STJMNSP.MRES_5.AZ,NSP.MRES_5.AZNSP.MRES_6.AZ,NSP.MRES_6.AZNSP.NCP.AZ,NSP.NCP.AZNSP.NCPLOAD,NSP.NCPLOADNSP.NSP,NSP.NSPNSP.NSPG_1.AZ,NSP.NSPG_1.AZNSP.NSPG_2.AZ,NSP.NSPG_2.AZNSP.NU,NSP.NUNSP.NU.AZ,NSP.NU.AZNSP.NWEC.AZ,NSP.NWEC.AZNSP.NWELOAD,NSP.NWELOADNSP.OTP,NSP.OTPNSP.OTPW_1.AZ,NSP.OTPW_1.AZNSP.PRISL1_LD,NSP.PRISL1_LDNSP.PRISL2_LD,NSP.PRISL2_LDNSP.PRISLD.MVP,NSP.PRISLD.MVPNSP.SMP,NSP.SMPNSP.STJM_1.AZ,NSP.STJM_1.AZNSP.TEA_1.AZ,NSP.TEA_1.AZNSP.UPLS_1.AZ,NSP.UPLS_1.AZNSP.UPLS_2.AZ,NSP.UPLS_2.AZNSP.UPLS_3.AZ,NSP.UPLS_3.AZNSP.WIMUNI.AZ,NSP.WIMUNI.AZNSP.WPPI,NSP.WPPINSP.WPPI_1.AZ,NSP.WPPI_1.AZOTP.AZ,OTP.AZOTP.BEPC.CPEC,OTP.BEPC.CPECOTP.BEPC.EREC,OTP.BEPC.ERECOTP.GRE,OTP.GREOTP.GRE.DSA,OTP.GRE.DSAOTP.GREM_2.AZ,OTP.GREM_2.AZOTP.HILS_1.AZ,OTP.HILS_1.AZOTP.MDU,OTP.MDUOTP.MDUM_1.AZ,OTP.MDUM_1.AZOTP.MMPA,OTP.MMPAOTP.MPC,OTP.MPCOTP.MPC.BUTLER,OTP.MPC.BUTLEROTP.MPC.HARD,OTP.MPC.HARDOTP.MPC.OXBOW,OTP.MPC.OXBOWOTP.MRES,OTP.MRESOTP.MRES.CVLR,OTP.MRES.CVLROTP.MRES.HILS,OTP.MRES.HILSOTP.MRES.NTWD,OTP.MRES.NTWDOTP.MRES_8.AZ,OTP.MRES_8.AZOTP.MUAG,OTP.MUAGOTP.NSP,OTP.NSPOTP.NSPG_1.AZ,OTP.NSPG_1.AZOTP.NSPP_1.AZ,OTP.NSPP_1.AZOTP.NSPX.ADA,OTP.NSPX.ADAOTP.NWPS,OTP.NWPSOTP.OTP,OTP.OTPOTP.OTPW_1.AZ,OTP.OTPW_1.AZOTP.OTPW_10.AZ,OTP.OTPW_10.AZOTP.OTPW_11.AZ,OTP.OTPW_11.AZOTP.OTPW_12.AZ,OTP.OTPW_12.AZOTP.OTPW_14.AZ,OTP.OTPW_14.AZOTP.OTPW_2.AZ,OTP.OTPW_2.AZOTP.OTPW_8.AZ,OTP.OTPW_8.AZOTP.OTPW_9.AZ,OTP.OTPW_9.AZPSI_GEN.AGG,PSI_GEN.AGGSIGE.APGI,SIGE.APGISIGE.AZ,SIGE.AZSIGE.CANN_MUNI,SIGE.CANN_MUNISIGE.CIN,SIGE.CINSIGE.FPL_FERD,SIGE.FPL_FERDSIGE.HE,SIGE.HESIGE.HEPM_1.AZ,SIGE.HEPM_1.AZSIGE.IMPA,SIGE.IMPASIGE.SIGW,SIGE.SIGWSIGE.WARRDRR1,SIGE.WARRDRR1SIPC.AZ,SIPC.AZSIPC.SIPC,SIPC.SIPCSME.AZ,SME.AZSME.LEAFRIVER,SME.LEAFRIVERSME.SME_LOAD,SME.SME_LOADSMP.AZ,SMP.AZSMP.RPU,SMP.RPUSMP.SMP,SMP.SMPSMP.TEA_1.AZ,SMP.TEA_1.AZSOCO.FORIN.ARR,SOCO.FORIN.ARRTEXAS.HUB,TEXAS.HUBTVA.BRMNH1.ARR,TVA.BRMNH1.ARRTVA.TVA,TVA.TVATVA.TVAM_1.AZ,TVA.TVAM_1.AZUPPC.AZ,UPPC.AZUPPC.ESC,UPPC.ESCUPPC.ESC.AZ,UPPC.ESC.AZUPPC.INTEGRATD,UPPC.INTEGRATDUPPC.LWEC,UPPC.LWECUPPC.ONTONAGON,UPPC.ONTONAGONUPPC.UPPM,UPPC.UPPMUPPC.WPMC,UPPC.WPMCUPPC.WPPI,UPPC.WPPIUPPC.WPSE,UPPC.WPSEWAUE.ANTLP.ARR,WAUE.ANTLP.ARRWEC.AZ,WEC.AZWEC.ERGS_LD,WEC.ERGS_LDWEC.KCBL_AP,WEC.KCBL_APWEC.OCONTFL,WEC.OCONTFLWEC.PB1AUX,WEC.PB1AUXWEC.PB2AUX,WEC.PB2AUXWEC.PLSNT1.MVP,WEC.PLSNT1.MVPWEC.PLSNT2.MVP,WEC.PLSNT2.MVPWEC.S,WEC.SWEC.WEPM_1.AZ,WEC.WEPM_1.AZWEC.WEPM_2.AZ,WEC.WEPM_2.AZWEC.WPPI,WEC.WPPIWEC.WPPI_1.AZ,WEC.WPPI_1.AZWEC.WPPI_3.AZ,WEC.WPPI_3.AZWPS.AZ,WPS.AZWPS.GLU,WPS.GLUWPS.GRFTR.ARR,WPS.GRFTR.ARRWPS.KEWANE.ARR,WPS.KEWANE.ARRWPS.MENOMPK,WPS.MENOMPKWPS.MPU,WPS.MPUWPS.MPUG_1.AZ,WPS.MPUG_1.AZWPS.UPPM,WPS.UPPMWPS.WPSE,WPS.WPSEWPS.WPSM,WPS.WPSMWR.MEUC_1.AZ,WR.MEUC_1.AZWR.MOWR,WR.MOWRWR.MOWR_1.AZ,WR.MOWR_1.AZWR.THAYERLD,WR.THAYERLD